"","TCGA-A6-2671-11A-01R-1757-13","TCGA-AA-3525-11A-01R-1757-13","TCGA-A6-2671-01A-01T-1409-13","TCGA-AA-3525-01A-02T-0827-13"
"hsa-let-7a-1","7457","17354","11763","4212"
"hsa-let-7a-2","7351","17429","11992","4224"
"hsa-let-7a-3","7449","17339","11822","4318"
"hsa-let-7b","76243","105831","15937","11081"
"hsa-let-7c","2766","1611","1488","55"
"hsa-let-7d","5277","5959","810","720"
"hsa-let-7e","633","725","669","193"
"hsa-let-7f-1","109","396","6781","1186"
"hsa-let-7f-2","96","400","6970","1254"
"hsa-let-7g","73","300","1001","625"
"hsa-let-7i","233","812","631","303"
"hsa-mir-1-1","2","0","108","5"
"hsa-mir-1-2","0","0","126","7"
"hsa-mir-100","904","2355","3434","488"
"hsa-mir-101-1","94","106","5144","1774"
"hsa-mir-101-2","90","93","5141","1701"
"hsa-mir-103a-1","2146","5834","12324","6919"
"hsa-mir-103a-2","2086","5960","12378","7188"
"hsa-mir-103b-1","0","0","0","0"
"hsa-mir-103b-2","0","0","0","0"
"hsa-mir-105-1","5","1","0","0"
"hsa-mir-105-2","1","3","0","0"
"hsa-mir-106a","5","2","162","40"
"hsa-mir-106b","596","1082","928","378"
"hsa-mir-107","22","55","87","57"
"hsa-mir-10a","3790","15359","76472","166904"
"hsa-mir-10b","4447","17178","52719","114046"
"hsa-mir-1178","0","0","0","0"
"hsa-mir-1179","0","0","0","1"
"hsa-mir-1180","123","161","9","10"
"hsa-mir-1181","0","1","0","0"
"hsa-mir-1182","0","0","0","0"
"hsa-mir-1183","0","0","0","0"
"hsa-mir-1184-1","0","0","0","0"
"hsa-mir-1184-2","0","0","0","0"
"hsa-mir-1184-3","0","0","0","0"
"hsa-mir-1185-1","0","0","1","0"
"hsa-mir-1185-2","0","0","1","0"
"hsa-mir-1193","1","0","0","0"
"hsa-mir-1197","0","0","0","0"
"hsa-mir-1199","0","0","0","0"
"hsa-mir-1200","0","0","0","0"
"hsa-mir-1202","0","0","0","0"
"hsa-mir-1203","0","0","0","0"
"hsa-mir-1204","0","0","0","0"
"hsa-mir-1205","0","0","0","0"
"hsa-mir-1206","0","0","0","0"
"hsa-mir-1207","0","0","0","0"
"hsa-mir-1208","0","0","0","0"
"hsa-mir-122","0","0","0","0"
"hsa-mir-1224","16","22","0","2"
"hsa-mir-1225","0","0","0","2"
"hsa-mir-1226","11","7","1","1"
"hsa-mir-1227","1","1","0","0"
"hsa-mir-1228","4","4","0","0"
"hsa-mir-1229","5","2","2","1"
"hsa-mir-1231","0","0","0","0"
"hsa-mir-1233-1","0","0","0","0"
"hsa-mir-1233-2","0","0","0","0"
"hsa-mir-1234","0","3","0","1"
"hsa-mir-1236","0","0","0","0"
"hsa-mir-1237","0","0","0","0"
"hsa-mir-1238","0","0","0","0"
"hsa-mir-124-1","0","0","0","0"
"hsa-mir-124-2","0","0","0","0"
"hsa-mir-124-3","0","0","0","0"
"hsa-mir-1243","0","0","0","0"
"hsa-mir-1244-1","0","0","0","0"
"hsa-mir-1244-2","0","0","0","0"
"hsa-mir-1244-3","0","0","0","0"
"hsa-mir-1244-4","0","0","0","0"
"hsa-mir-1245a","0","0","6","0"
"hsa-mir-1245b","0","0","0","0"
"hsa-mir-1246","0","0","0","0"
"hsa-mir-1247","122","188","150","28"
"hsa-mir-1248","3","3","33","3"
"hsa-mir-1249","9","13","2","0"
"hsa-mir-1250","0","0","0","0"
"hsa-mir-1251","0","0","0","0"
"hsa-mir-1252","0","0","0","0"
"hsa-mir-1253","0","0","0","0"
"hsa-mir-1254-1","2","2","0","0"
"hsa-mir-1254-2","2","2","2","0"
"hsa-mir-1255a","0","0","0","0"
"hsa-mir-1255b-1","0","0","0","0"
"hsa-mir-1255b-2","0","0","0","0"
"hsa-mir-1256","0","0","0","0"
"hsa-mir-1257","0","0","0","0"
"hsa-mir-1258","0","0","1","0"
"hsa-mir-125a","4403","3090","493","148"
"hsa-mir-125b-1","737","604","245","27"
"hsa-mir-125b-2","755","646","234","33"
"hsa-mir-126","94","196","5913","3317"
"hsa-mir-1260a","0","0","0","0"
"hsa-mir-1260b","2","1","0","0"
"hsa-mir-1261","0","0","0","0"
"hsa-mir-1262","1","1","1","0"
"hsa-mir-1263","0","0","0","0"
"hsa-mir-1264","0","0","0","0"
"hsa-mir-1265","1","0","0","0"
"hsa-mir-1266","40","103","11","13"
"hsa-mir-1267","0","0","0","0"
"hsa-mir-1268a","0","0","0","0"
"hsa-mir-1268b","0","0","0","0"
"hsa-mir-1269a","7","20","316","3"
"hsa-mir-1269b","6","12","173","5"
"hsa-mir-127","1591","1789","1493","370"
"hsa-mir-1270","2","6","0","1"
"hsa-mir-1271","7","6","4","1"
"hsa-mir-1272","0","0","0","0"
"hsa-mir-1273a","0","0","0","0"
"hsa-mir-1273c","0","0","0","0"
"hsa-mir-1273d","0","0","0","0"
"hsa-mir-1273e","0","0","0","0"
"hsa-mir-1273f","0","0","0","0"
"hsa-mir-1273g","0","0","0","0"
"hsa-mir-1273h","0","0","0","0"
"hsa-mir-1275","1","1","0","0"
"hsa-mir-1276","0","0","1","0"
"hsa-mir-1277","0","0","7","2"
"hsa-mir-1278","0","0","0","0"
"hsa-mir-1279","0","0","0","0"
"hsa-mir-128-1","52","124","125","41"
"hsa-mir-128-2","21","53","71","26"
"hsa-mir-1281","0","0","0","0"
"hsa-mir-1282","0","0","0","0"
"hsa-mir-1283-1","0","0","0","0"
"hsa-mir-1283-2","0","0","0","0"
"hsa-mir-1284","0","0","0","3"
"hsa-mir-1285-1","0","0","0","1"
"hsa-mir-1285-2","0","0","0","0"
"hsa-mir-1286","0","0","0","0"
"hsa-mir-1287","31","36","42","12"
"hsa-mir-1288","0","0","0","0"
"hsa-mir-1289-1","0","0","0","0"
"hsa-mir-1289-2","0","0","0","0"
"hsa-mir-129-1","48","36","2","1"
"hsa-mir-129-2","55","32","1","1"
"hsa-mir-1290","0","0","0","0"
"hsa-mir-1291","2","3","0","3"
"hsa-mir-1292","1","3","1","1"
"hsa-mir-1293","0","1","0","0"
"hsa-mir-1294","0","0","0","0"
"hsa-mir-1295a","1","0","0","0"
"hsa-mir-1295b","0","1","0","0"
"hsa-mir-1296","22","45","0","0"
"hsa-mir-1297","0","0","0","0"
"hsa-mir-1298","0","0","0","0"
"hsa-mir-1299","0","0","0","0"
"hsa-mir-1301","8","20","10","2"
"hsa-mir-1302-1","0","0","0","0"
"hsa-mir-1302-10","0","0","0","0"
"hsa-mir-1302-11","0","0","0","0"
"hsa-mir-1302-2","0","0","0","0"
"hsa-mir-1302-3","0","0","0","0"
"hsa-mir-1302-4","0","0","0","0"
"hsa-mir-1302-5","0","0","0","0"
"hsa-mir-1302-6","0","0","0","0"
"hsa-mir-1302-7","0","0","0","0"
"hsa-mir-1302-8","0","0","0","0"
"hsa-mir-1302-9","0","0","0","0"
"hsa-mir-1303","0","0","0","0"
"hsa-mir-1304","0","1","0","0"
"hsa-mir-1305","0","0","0","0"
"hsa-mir-1306","102","93","10","6"
"hsa-mir-1307","5684","15538","1175","2812"
"hsa-mir-130a","9","20","65","19"
"hsa-mir-130b","32","94","60","147"
"hsa-mir-132","183","320","110","78"
"hsa-mir-1321","0","0","0","0"
"hsa-mir-1322","0","0","0","0"
"hsa-mir-1323","0","0","0","0"
"hsa-mir-1324","0","0","0","0"
"hsa-mir-133a-1","169","81","20","8"
"hsa-mir-133a-2","165","71","33","3"
"hsa-mir-133b","9","6","6","1"
"hsa-mir-134","219","228","570","263"
"hsa-mir-1343","2","3","0","1"
"hsa-mir-135a-1","1","2","0","0"
"hsa-mir-135a-2","0","0","0","0"
"hsa-mir-135b","0","0","43","99"
"hsa-mir-136","3","1","130","34"
"hsa-mir-137","0","0","1","0"
"hsa-mir-138-1","1","5","0","1"
"hsa-mir-138-2","0","1","0","0"
"hsa-mir-139","1004","594","111","18"
"hsa-mir-140","1934","3384","918","480"
"hsa-mir-141","34","85","2311","2923"
"hsa-mir-142","25","48","4367","4719"
"hsa-mir-143","9891","10002","281667","16325"
"hsa-mir-144","4","1","222","97"
"hsa-mir-145","37149","18381","6326","777"
"hsa-mir-1468","19","32","4","3"
"hsa-mir-1469","0","0","0","0"
"hsa-mir-146a","15","205","88","305"
"hsa-mir-146b","298","1272","963","574"
"hsa-mir-1470","0","0","0","0"
"hsa-mir-1471","0","0","0","0"
"hsa-mir-147a","0","0","0","0"
"hsa-mir-147b","0","2","1","6"
"hsa-mir-148a","3581","13597","212179","216082"
"hsa-mir-148b","98","195","190","399"
"hsa-mir-149","143","215","38","9"
"hsa-mir-150","2408","13332","232","224"
"hsa-mir-151a","407","961","3600","1293"
"hsa-mir-151b","0","3","3","0"
"hsa-mir-152","10","18","322","269"
"hsa-mir-153-1","0","0","2","0"
"hsa-mir-153-2","0","2","72","133"
"hsa-mir-1537","0","0","1","2"
"hsa-mir-1538","3","4","0","0"
"hsa-mir-1539","0","2","0","0"
"hsa-mir-154","3","6","21","5"
"hsa-mir-155","83","368","219","189"
"hsa-mir-1587","0","0","0","0"
"hsa-mir-15a","4","26","341","141"
"hsa-mir-15b","497","1207","228","196"
"hsa-mir-16-1","8","47","674","796"
"hsa-mir-16-2","5","51","697","820"
"hsa-mir-17","77","310","4716","1678"
"hsa-mir-181a-1","2816","5502","590","189"
"hsa-mir-181a-2","3535","6548","1263","374"
"hsa-mir-181b-1","146","307","145","24"
"hsa-mir-181b-2","124","333","98","22"
"hsa-mir-181c","56","103","166","79"
"hsa-mir-181d","3","6","40","7"
"hsa-mir-182","408","713","19471","22731"
"hsa-mir-1825","0","0","0","0"
"hsa-mir-1827","0","0","0","0"
"hsa-mir-183","673","1130","10787","18625"
"hsa-mir-184","0","5","1","0"
"hsa-mir-185","15","39","55","67"
"hsa-mir-186","51","189","365","423"
"hsa-mir-187","33","2","10","0"
"hsa-mir-188","1","2","9","2"
"hsa-mir-18a","1","26","70","22"
"hsa-mir-18b","1","0","1","0"
"hsa-mir-1908","0","0","0","0"
"hsa-mir-1909","0","0","0","0"
"hsa-mir-190a","0","0","7","5"
"hsa-mir-190b","0","0","0","1"
"hsa-mir-191","635","1851","1420","732"
"hsa-mir-1910","0","1","0","0"
"hsa-mir-1911","0","0","0","0"
"hsa-mir-1912","0","0","0","0"
"hsa-mir-1913","0","0","0","0"
"hsa-mir-1914","1","1","0","0"
"hsa-mir-1915","0","0","0","0"
"hsa-mir-192","3875","16158","47124","344234"
"hsa-mir-193a","1423","1111","213","65"
"hsa-mir-193b","229","438","40","16"
"hsa-mir-194-1","647","2376","6189","16459"
"hsa-mir-194-2","3324","6350","7093","17942"
"hsa-mir-195","28","25","44","13"
"hsa-mir-196a-1","17","52","288","188"
"hsa-mir-196a-2","17","29","317","241"
"hsa-mir-196b","239","867","13594","3350"
"hsa-mir-197","4476","6703","146","298"
"hsa-mir-1972-1","0","0","0","0"
"hsa-mir-1972-2","0","0","0","0"
"hsa-mir-1973","0","0","0","0"
"hsa-mir-1976","93","156","9","2"
"hsa-mir-198","0","0","0","0"
"hsa-mir-199a-1","210","326","2672","740"
"hsa-mir-199a-2","267","444","4929","1432"
"hsa-mir-199b","230","409","6650","2016"
"hsa-mir-19a","0","0","108","123"
"hsa-mir-19b-1","2","3","276","163"
"hsa-mir-19b-2","0","1","213","124"
"hsa-mir-200a","749","1936","5225","3127"
"hsa-mir-200b","511","1651","3604","2058"
"hsa-mir-200c","21594","49930","10261","11851"
"hsa-mir-202","0","0","1","0"
"hsa-mir-203a","611","1609","18048","31592"
"hsa-mir-203b","1","6","128","639"
"hsa-mir-204","6","5","25","0"
"hsa-mir-205","5","20","0","0"
"hsa-mir-2052","0","0","0","0"
"hsa-mir-2053","0","0","0","0"
"hsa-mir-2054","0","0","0","0"
"hsa-mir-206","0","0","0","0"
"hsa-mir-208a","0","0","0","0"
"hsa-mir-208b","0","0","0","0"
"hsa-mir-20a","16","37","1701","383"
"hsa-mir-20b","9","7","24","9"
"hsa-mir-21","2354","6473","426484","173668"
"hsa-mir-210","319","673","2235","7878"
"hsa-mir-211","0","0","0","0"
"hsa-mir-2110","9","20","2","0"
"hsa-mir-2113","0","0","0","0"
"hsa-mir-2114","0","0","3","0"
"hsa-mir-2115","0","0","0","0"
"hsa-mir-2116","4","6","2","1"
"hsa-mir-2117","0","0","0","0"
"hsa-mir-212","6","6","2","2"
"hsa-mir-214","28","44","28","3"
"hsa-mir-215","25","36","210","5175"
"hsa-mir-216a","0","2","8","0"
"hsa-mir-216b","0","0","1","0"
"hsa-mir-217","1","0","119","14"
"hsa-mir-218-1","4","6","18","9"
"hsa-mir-218-2","1","1","15","3"
"hsa-mir-219a-1","8","22","5","14"
"hsa-mir-219a-2","0","0","0","0"
"hsa-mir-219b","0","0","0","0"
"hsa-mir-22","8311","30980","105319","61428"
"hsa-mir-221","88","346","274","95"
"hsa-mir-222","36","113","203","103"
"hsa-mir-223","23","98","306","457"
"hsa-mir-224","7","21","129","86"
"hsa-mir-2276","0","0","0","0"
"hsa-mir-2277","1","5","0","4"
"hsa-mir-2278","0","1","1","0"
"hsa-mir-2355","0","1","61","19"
"hsa-mir-2392","0","0","0","0"
"hsa-mir-23a","1258","1545","6532","2599"
"hsa-mir-23b","1199","1240","5078","1752"
"hsa-mir-23c","0","0","0","0"
"hsa-mir-24-1","111","248","1660","717"
"hsa-mir-24-2","133","191","1595","611"
"hsa-mir-2467","0","0","0","0"
"hsa-mir-25","2398","5573","10482","4358"
"hsa-mir-2681","2","0","0","0"
"hsa-mir-2682","0","0","0","0"
"hsa-mir-26a-1","100","391","825","421"
"hsa-mir-26a-2","95","398","924","357"
"hsa-mir-26b","66","166","913","541"
"hsa-mir-27a","207","380","1725","480"
"hsa-mir-27b","406","858","2017","966"
"hsa-mir-28","9543","12416","7672","5138"
"hsa-mir-2861","0","0","0","0"
"hsa-mir-2909","0","0","0","0"
"hsa-mir-296","20","49","1","2"
"hsa-mir-297","0","0","0","0"
"hsa-mir-298","0","0","0","0"
"hsa-mir-299","3","7","6","0"
"hsa-mir-29a","1846","8428","13484","5173"
"hsa-mir-29b-1","4","21","1396","409"
"hsa-mir-29b-2","65","103","1239","418"
"hsa-mir-29c","90","359","813","360"
"hsa-mir-300","0","0","0","0"
"hsa-mir-301a","1","3","27","46"
"hsa-mir-301b","1","0","2","15"
"hsa-mir-302a","0","0","0","0"
"hsa-mir-302b","0","0","0","0"
"hsa-mir-302c","0","0","0","0"
"hsa-mir-302d","0","0","0","0"
"hsa-mir-302e","0","0","0","0"
"hsa-mir-302f","0","0","0","0"
"hsa-mir-3064","0","0","0","0"
"hsa-mir-3065","4","7","38","4"
"hsa-mir-3074","18","35","4","8"
"hsa-mir-30a","3248","3834","15364","4933"
"hsa-mir-30b","19","59","309","198"
"hsa-mir-30c-1","141","256","264","249"
"hsa-mir-30c-2","179","344","243","273"
"hsa-mir-30d","6765","12336","10008","5386"
"hsa-mir-30e","1612","2536","14226","14582"
"hsa-mir-31","0","0","2","51"
"hsa-mir-3115","0","0","0","0"
"hsa-mir-3116-1","0","0","0","0"
"hsa-mir-3116-2","0","0","0","0"
"hsa-mir-3117","0","0","0","0"
"hsa-mir-3118-1","0","0","0","0"
"hsa-mir-3118-2","0","0","0","0"
"hsa-mir-3118-3","0","0","0","0"
"hsa-mir-3118-4","0","0","0","0"
"hsa-mir-3119-1","0","0","0","0"
"hsa-mir-3119-2","0","0","0","0"
"hsa-mir-3120","0","0","0","0"
"hsa-mir-3121","0","0","0","0"
"hsa-mir-3122","0","0","0","0"
"hsa-mir-3123","0","0","0","0"
"hsa-mir-3124","0","0","0","0"
"hsa-mir-3125","0","0","0","0"
"hsa-mir-3126","0","0","0","0"
"hsa-mir-3127","46","80","6","10"
"hsa-mir-3128","0","0","0","0"
"hsa-mir-3129","0","0","1","0"
"hsa-mir-3130-1","5","15","1","0"
"hsa-mir-3130-2","5","8","0","1"
"hsa-mir-3131","2","8","4","3"
"hsa-mir-3132","0","0","0","0"
"hsa-mir-3133","0","0","0","1"
"hsa-mir-3134","0","0","0","0"
"hsa-mir-3135a","0","0","0","0"
"hsa-mir-3135b","0","0","0","0"
"hsa-mir-3136","0","0","2","2"
"hsa-mir-3137","0","0","0","0"
"hsa-mir-3138","0","0","0","0"
"hsa-mir-3139","0","0","0","0"
"hsa-mir-3140","0","0","0","0"
"hsa-mir-3141","0","0","0","0"
"hsa-mir-3142","0","0","0","0"
"hsa-mir-3143","0","1","0","1"
"hsa-mir-3144","0","0","0","0"
"hsa-mir-3145","0","0","0","0"
"hsa-mir-3146","0","0","0","0"
"hsa-mir-3147","0","0","0","0"
"hsa-mir-3148","0","0","0","0"
"hsa-mir-3149","0","0","0","0"
"hsa-mir-3150a","0","1","0","0"
"hsa-mir-3150b","19","37","1","3"
"hsa-mir-3151","0","0","0","0"
"hsa-mir-3152","0","1","0","0"
"hsa-mir-3153","0","0","0","0"
"hsa-mir-3154","3","1","0","0"
"hsa-mir-3155a","1","0","0","0"
"hsa-mir-3155b","0","0","0","0"
"hsa-mir-3156-1","0","0","0","0"
"hsa-mir-3156-2","0","0","0","0"
"hsa-mir-3156-3","0","0","0","0"
"hsa-mir-3157","0","1","0","0"
"hsa-mir-3158-1","0","0","0","0"
"hsa-mir-3158-2","0","1","0","0"
"hsa-mir-3159","0","0","0","0"
"hsa-mir-3160-1","0","0","0","0"
"hsa-mir-3160-2","0","0","0","0"
"hsa-mir-3161","0","2","0","6"
"hsa-mir-3162","0","0","0","0"
"hsa-mir-3163","0","0","0","0"
"hsa-mir-3164","0","0","0","0"
"hsa-mir-3165","0","0","0","0"
"hsa-mir-3166","0","0","0","0"
"hsa-mir-3167","0","0","0","0"
"hsa-mir-3168","0","0","0","0"
"hsa-mir-3169","0","0","0","0"
"hsa-mir-3170","1","3","2","9"
"hsa-mir-3171","0","0","1","0"
"hsa-mir-3173","8","19","0","0"
"hsa-mir-3174","0","0","2","0"
"hsa-mir-3175","0","0","0","0"
"hsa-mir-3176","0","0","3","0"
"hsa-mir-3177","0","0","0","0"
"hsa-mir-3178","0","0","0","0"
"hsa-mir-3179-1","0","0","0","0"
"hsa-mir-3179-2","0","0","0","0"
"hsa-mir-3179-3","0","0","0","0"
"hsa-mir-3179-4","0","0","0","0"
"hsa-mir-3180-1","0","0","0","0"
"hsa-mir-3180-2","0","0","0","0"
"hsa-mir-3180-3","0","0","0","0"
"hsa-mir-3180-4","0","0","0","0"
"hsa-mir-3180-5","0","0","0","0"
"hsa-mir-3181","0","0","0","0"
"hsa-mir-3182","0","0","0","0"
"hsa-mir-3183","3","0","0","0"
"hsa-mir-3184","0","0","0","0"
"hsa-mir-3185","0","0","0","0"
"hsa-mir-3186","0","0","0","0"
"hsa-mir-3187","0","2","0","0"
"hsa-mir-3188","2","0","0","0"
"hsa-mir-3189","0","0","0","1"
"hsa-mir-3190","0","0","0","0"
"hsa-mir-3191","1","1","0","0"
"hsa-mir-3192","0","0","0","0"
"hsa-mir-3193","2","0","0","1"
"hsa-mir-3194","0","2","0","0"
"hsa-mir-3195","0","0","0","0"
"hsa-mir-3196","0","0","0","0"
"hsa-mir-3197","0","0","0","0"
"hsa-mir-3198-1","0","0","0","0"
"hsa-mir-3198-2","0","0","0","0"
"hsa-mir-3199-1","0","0","0","0"
"hsa-mir-3199-2","1","2","1","1"
"hsa-mir-32","0","5","55","22"
"hsa-mir-3200","9","12","2","6"
"hsa-mir-3201","0","0","0","0"
"hsa-mir-3202-1","0","1","0","0"
"hsa-mir-3202-2","0","0","0","0"
"hsa-mir-320a","727","953","223","187"
"hsa-mir-320b-1","2","6","3","0"
"hsa-mir-320b-2","0","9","0","0"
"hsa-mir-320c-1","1","7","0","0"
"hsa-mir-320c-2","2","0","0","0"
"hsa-mir-320d-1","0","0","0","0"
"hsa-mir-320d-2","0","1","0","0"
"hsa-mir-320e","0","0","0","0"
"hsa-mir-323a","10","22","5","3"
"hsa-mir-323b","7","9","9","9"
"hsa-mir-324","109","255","57","27"
"hsa-mir-325","0","0","0","0"
"hsa-mir-326","13","46","5","1"
"hsa-mir-328","668","462","25","15"
"hsa-mir-329-1","0","0","0","0"
"hsa-mir-329-2","0","0","1","0"
"hsa-mir-330","35","66","21","10"
"hsa-mir-331","51","93","20","10"
"hsa-mir-335","3","17","533","195"
"hsa-mir-337","2","10","49","9"
"hsa-mir-338","49","81","887","307"
"hsa-mir-339","79","287","105","24"
"hsa-mir-33a","1","19","41","31"
"hsa-mir-33b","0","2","11","3"
"hsa-mir-340","3","5","20","21"
"hsa-mir-342","121","501","151","40"
"hsa-mir-345","10","63","30","25"
"hsa-mir-346","1","1","0","0"
"hsa-mir-34a","12","59","143","93"
"hsa-mir-34b","0","0","7","0"
"hsa-mir-34c","3","3","7","1"
"hsa-mir-3529","0","0","0","0"
"hsa-mir-3591","0","0","0","0"
"hsa-mir-3605","23","17","11","6"
"hsa-mir-3606","0","0","0","0"
"hsa-mir-3607","7","18","105","73"
"hsa-mir-3609","3","0","2","3"
"hsa-mir-361","444","1579","283","138"
"hsa-mir-3610","1","2","3","1"
"hsa-mir-3611","0","0","0","0"
"hsa-mir-3612","0","0","0","0"
"hsa-mir-3613","0","1","22","15"
"hsa-mir-3614","9","26","5","5"
"hsa-mir-3615","23","53","6","2"
"hsa-mir-3616","0","0","0","2"
"hsa-mir-3617","0","0","0","0"
"hsa-mir-3618","0","0","2","0"
"hsa-mir-3619","0","3","0","1"
"hsa-mir-362","12","55","23","11"
"hsa-mir-3620","0","2","0","0"
"hsa-mir-3621","0","0","0","0"
"hsa-mir-3622a","12","3","0","0"
"hsa-mir-3622b","0","0","0","0"
"hsa-mir-363","4","6","8","0"
"hsa-mir-3646","0","0","0","0"
"hsa-mir-3648-1","0","0","0","0"
"hsa-mir-3648-2","0","0","0","0"
"hsa-mir-3649","0","0","0","0"
"hsa-mir-3650","0","0","0","0"
"hsa-mir-3651","10","7","9","2"
"hsa-mir-3652","2","9","0","3"
"hsa-mir-3653","8","27","9","25"
"hsa-mir-3654","0","0","0","0"
"hsa-mir-3655","0","0","0","1"
"hsa-mir-3656","0","0","0","0"
"hsa-mir-3657","0","0","0","0"
"hsa-mir-3658","0","0","0","0"
"hsa-mir-3659","0","0","0","0"
"hsa-mir-365a","47","77","72","13"
"hsa-mir-365b","44","73","72","12"
"hsa-mir-3660","0","0","0","0"
"hsa-mir-3661","0","0","0","0"
"hsa-mir-3662","0","0","3","2"
"hsa-mir-3663","0","0","0","0"
"hsa-mir-3664","0","0","0","0"
"hsa-mir-3665","0","0","0","0"
"hsa-mir-3666","0","0","0","0"
"hsa-mir-3667","1","0","0","0"
"hsa-mir-3668","0","0","0","0"
"hsa-mir-367","0","0","0","0"
"hsa-mir-3670-1","0","0","0","0"
"hsa-mir-3670-2","0","0","0","0"
"hsa-mir-3670-3","0","0","0","0"
"hsa-mir-3670-4","0","0","0","0"
"hsa-mir-3671","0","0","0","0"
"hsa-mir-3672","0","0","0","0"
"hsa-mir-3674","0","0","0","0"
"hsa-mir-3675","0","0","0","0"
"hsa-mir-3677","0","2","23","16"
"hsa-mir-3678","1","1","0","0"
"hsa-mir-3679","0","0","0","0"
"hsa-mir-3680-1","0","1","0","1"
"hsa-mir-3680-2","0","0","0","1"
"hsa-mir-3681","0","0","0","0"
"hsa-mir-3682","0","0","2","0"
"hsa-mir-3683","0","0","0","0"
"hsa-mir-3684","0","0","1","0"
"hsa-mir-3685","0","0","0","0"
"hsa-mir-3686","0","0","0","0"
"hsa-mir-3687-1","0","0","0","0"
"hsa-mir-3687-2","0","0","0","0"
"hsa-mir-3688-1","0","0","0","0"
"hsa-mir-3688-2","0","0","0","0"
"hsa-mir-3689a","0","0","0","0"
"hsa-mir-3689b","0","0","0","0"
"hsa-mir-3689c","0","0","0","0"
"hsa-mir-3689d-1","0","0","0","0"
"hsa-mir-3689d-2","0","0","0","0"
"hsa-mir-3689e","0","0","0","0"
"hsa-mir-3689f","0","0","0","0"
"hsa-mir-369","0","1","25","8"
"hsa-mir-3690-1","2","1","0","0"
"hsa-mir-3690-2","0","0","0","0"
"hsa-mir-3691","2","0","0","1"
"hsa-mir-3692","0","0","0","0"
"hsa-mir-370","34","36","20","1"
"hsa-mir-3713","0","0","0","0"
"hsa-mir-3714","0","0","0","0"
"hsa-mir-371a","0","0","0","0"
"hsa-mir-371b","0","0","0","0"
"hsa-mir-372","0","0","0","0"
"hsa-mir-373","0","0","0","0"
"hsa-mir-374a","8","2","1320","613"
"hsa-mir-374b","2","10","51","36"
"hsa-mir-374c","0","0","2","0"
"hsa-mir-375","172069","243481","27825","95087"
"hsa-mir-376a-1","0","0","1","1"
"hsa-mir-376a-2","0","0","1","0"
"hsa-mir-376b","0","0","3","0"
"hsa-mir-376c","0","0","4","0"
"hsa-mir-377","3","9","12","1"
"hsa-mir-378a","5176","11892","906","1969"
"hsa-mir-378b","0","0","0","0"
"hsa-mir-378c","13","24","9","15"
"hsa-mir-378d-1","0","2","0","0"
"hsa-mir-378d-2","0","0","0","0"
"hsa-mir-378e","0","0","0","0"
"hsa-mir-378f","0","0","0","0"
"hsa-mir-378g","0","0","0","0"
"hsa-mir-378h","0","0","0","0"
"hsa-mir-378i","0","0","0","0"
"hsa-mir-378j","0","0","0","0"
"hsa-mir-379","31","48","1137","315"
"hsa-mir-380","0","0","0","1"
"hsa-mir-381","12","35","57","15"
"hsa-mir-382","5","13","38","17"
"hsa-mir-383","9","0","1","0"
"hsa-mir-384","0","0","0","0"
"hsa-mir-3907","0","0","0","0"
"hsa-mir-3908","0","0","0","0"
"hsa-mir-3909","0","2","0","0"
"hsa-mir-3910-1","0","0","0","0"
"hsa-mir-3910-2","0","0","0","0"
"hsa-mir-3911","0","0","0","0"
"hsa-mir-3912","0","0","0","0"
"hsa-mir-3913-1","1","0","3","0"
"hsa-mir-3913-2","2","0","0","1"
"hsa-mir-3914-1","0","0","0","0"
"hsa-mir-3914-2","0","0","0","0"
"hsa-mir-3915","0","0","0","0"
"hsa-mir-3916","0","1","0","0"
"hsa-mir-3917","3","17","1","3"
"hsa-mir-3918","0","0","0","0"
"hsa-mir-3919","0","0","0","0"
"hsa-mir-3920","0","0","0","0"
"hsa-mir-3921","0","0","0","0"
"hsa-mir-3922","0","0","0","1"
"hsa-mir-3923","0","0","0","0"
"hsa-mir-3924","0","0","0","0"
"hsa-mir-3925","0","0","0","0"
"hsa-mir-3926-1","0","0","1","0"
"hsa-mir-3926-2","0","0","0","0"
"hsa-mir-3927","0","0","0","0"
"hsa-mir-3928","3","9","2","3"
"hsa-mir-3929","0","0","0","0"
"hsa-mir-3934","2","8","0","3"
"hsa-mir-3935","0","0","0","0"
"hsa-mir-3936","0","0","0","0"
"hsa-mir-3937","1","1","0","0"
"hsa-mir-3938","0","0","0","0"
"hsa-mir-3939","0","0","0","0"
"hsa-mir-3940","9","23","1","3"
"hsa-mir-3941","1","0","0","0"
"hsa-mir-3942","0","0","1","0"
"hsa-mir-3943","0","0","0","0"
"hsa-mir-3944","1","4","1","0"
"hsa-mir-3945","0","0","0","0"
"hsa-mir-3960","0","0","0","0"
"hsa-mir-3972","0","0","0","0"
"hsa-mir-3973","0","0","0","0"
"hsa-mir-3974","0","0","0","0"
"hsa-mir-3975","0","0","0","0"
"hsa-mir-3976","0","0","0","0"
"hsa-mir-3977","0","0","0","0"
"hsa-mir-3978","0","0","0","0"
"hsa-mir-409","61","57","62","20"
"hsa-mir-410","7","12","20","1"
"hsa-mir-411","0","3","12","0"
"hsa-mir-412","0","1","1","0"
"hsa-mir-421","0","2","3","2"
"hsa-mir-422a","0","0","0","0"
"hsa-mir-423","603","1071","107","133"
"hsa-mir-424","1","2","216","36"
"hsa-mir-425","101","512","741","235"
"hsa-mir-4251","0","0","0","0"
"hsa-mir-4252","0","0","0","0"
"hsa-mir-4253","0","0","0","0"
"hsa-mir-4254","0","0","0","0"
"hsa-mir-4255","0","0","0","0"
"hsa-mir-4256","0","0","0","0"
"hsa-mir-4257","0","0","0","0"
"hsa-mir-4258","0","0","0","0"
"hsa-mir-4259","0","0","0","0"
"hsa-mir-4260","0","0","0","0"
"hsa-mir-4261","0","0","0","0"
"hsa-mir-4262","0","0","0","0"
"hsa-mir-4263","0","0","0","0"
"hsa-mir-4264","0","0","0","0"
"hsa-mir-4265","0","0","0","0"
"hsa-mir-4266","0","0","0","0"
"hsa-mir-4267","0","0","0","0"
"hsa-mir-4268","0","0","0","0"
"hsa-mir-4269","0","0","0","0"
"hsa-mir-4270","0","0","0","0"
"hsa-mir-4271","0","0","0","0"
"hsa-mir-4272","0","0","0","0"
"hsa-mir-4273","0","0","0","0"
"hsa-mir-4274","0","0","0","0"
"hsa-mir-4275","0","0","0","0"
"hsa-mir-4276","0","0","0","0"
"hsa-mir-4277","0","0","0","0"
"hsa-mir-4278","0","0","0","0"
"hsa-mir-4279","0","0","0","0"
"hsa-mir-4280","0","0","0","0"
"hsa-mir-4281","0","0","0","0"
"hsa-mir-4282","0","0","0","0"
"hsa-mir-4283-1","0","0","0","0"
"hsa-mir-4283-2","0","0","0","0"
"hsa-mir-4284","0","0","0","0"
"hsa-mir-4285","0","0","0","0"
"hsa-mir-4286","1","0","0","0"
"hsa-mir-4287","0","0","0","0"
"hsa-mir-4288","0","0","0","0"
"hsa-mir-4289","0","0","0","0"
"hsa-mir-429","19","38","884","377"
"hsa-mir-4290","0","0","0","0"
"hsa-mir-4291","0","0","0","0"
"hsa-mir-4292","0","0","0","0"
"hsa-mir-4293","0","0","0","0"
"hsa-mir-4294","0","0","0","0"
"hsa-mir-4295","0","0","0","0"
"hsa-mir-4296","0","0","0","0"
"hsa-mir-4297","0","0","0","0"
"hsa-mir-4298","0","0","0","0"
"hsa-mir-4299","0","0","0","0"
"hsa-mir-4300","0","0","0","0"
"hsa-mir-4301","0","0","0","0"
"hsa-mir-4302","0","0","0","0"
"hsa-mir-4303","0","0","0","0"
"hsa-mir-4304","0","0","0","0"
"hsa-mir-4305","0","0","0","0"
"hsa-mir-4306","0","0","0","0"
"hsa-mir-4307","0","0","0","0"
"hsa-mir-4308","0","0","0","0"
"hsa-mir-4309","0","0","0","0"
"hsa-mir-431","37","32","10","5"
"hsa-mir-4310","0","0","0","0"
"hsa-mir-4311","0","0","0","0"
"hsa-mir-4312","0","0","0","0"
"hsa-mir-4313","0","0","0","0"
"hsa-mir-4314","0","0","0","0"
"hsa-mir-4315-1","0","0","0","0"
"hsa-mir-4315-2","0","0","0","0"
"hsa-mir-4316","0","0","0","0"
"hsa-mir-4317","0","0","0","0"
"hsa-mir-4318","0","0","0","0"
"hsa-mir-4319","0","0","0","0"
"hsa-mir-432","44","21","4","0"
"hsa-mir-4320","0","0","0","0"
"hsa-mir-4321","0","0","0","0"
"hsa-mir-4322","0","0","0","0"
"hsa-mir-4323","0","0","0","0"
"hsa-mir-4324","0","0","0","0"
"hsa-mir-4325","0","0","0","0"
"hsa-mir-4326","30","52","12","10"
"hsa-mir-4327","0","0","0","0"
"hsa-mir-4328","0","0","0","0"
"hsa-mir-4329","0","0","0","0"
"hsa-mir-433","21","4","2","0"
"hsa-mir-4330","0","0","0","0"
"hsa-mir-4417","0","0","0","0"
"hsa-mir-4418","0","0","0","0"
"hsa-mir-4419a","0","0","0","0"
"hsa-mir-4419b","0","0","0","0"
"hsa-mir-4420","0","3","0","0"
"hsa-mir-4421","0","0","0","0"
"hsa-mir-4422","0","2","0","0"
"hsa-mir-4423","0","1","0","2"
"hsa-mir-4424","0","0","0","0"
"hsa-mir-4425","0","0","0","0"
"hsa-mir-4426","0","0","0","0"
"hsa-mir-4427","0","0","0","2"
"hsa-mir-4428","0","0","0","0"
"hsa-mir-4429","0","0","0","0"
"hsa-mir-4430","0","0","0","0"
"hsa-mir-4431","0","0","0","1"
"hsa-mir-4432","0","0","0","0"
"hsa-mir-4433a","1","2","0","0"
"hsa-mir-4433b","2","1","0","0"
"hsa-mir-4434","0","0","0","0"
"hsa-mir-4435-1","0","0","0","0"
"hsa-mir-4435-2","0","0","0","0"
"hsa-mir-4436a","0","0","0","0"
"hsa-mir-4436b-1","0","1","0","0"
"hsa-mir-4436b-2","0","0","0","1"
"hsa-mir-4437","0","2","0","0"
"hsa-mir-4438","0","0","0","0"
"hsa-mir-4439","0","0","0","0"
"hsa-mir-4440","0","0","0","0"
"hsa-mir-4441","0","0","0","0"
"hsa-mir-4442","0","0","0","0"
"hsa-mir-4443","0","0","0","0"
"hsa-mir-4444-1","0","0","2","0"
"hsa-mir-4444-2","0","0","0","0"
"hsa-mir-4445","0","0","0","0"
"hsa-mir-4446","2","2","0","0"
"hsa-mir-4447","0","0","0","0"
"hsa-mir-4448","0","0","0","0"
"hsa-mir-4449","2","3","3","2"
"hsa-mir-4450","0","0","0","0"
"hsa-mir-4451","0","0","0","0"
"hsa-mir-4452","0","0","0","0"
"hsa-mir-4453","0","1","0","1"
"hsa-mir-4454","0","0","0","0"
"hsa-mir-4455","0","0","0","0"
"hsa-mir-4456","0","0","0","0"
"hsa-mir-4457","0","0","0","0"
"hsa-mir-4458","0","0","0","0"
"hsa-mir-4459","0","0","0","0"
"hsa-mir-4460","0","0","0","0"
"hsa-mir-4461","0","0","2","0"
"hsa-mir-4462","0","0","0","0"
"hsa-mir-4463","0","0","0","0"
"hsa-mir-4464","0","0","0","0"
"hsa-mir-4465","0","0","0","0"
"hsa-mir-4466","0","0","0","0"
"hsa-mir-4467","0","1","0","0"
"hsa-mir-4468","0","0","0","0"
"hsa-mir-4469","0","0","0","0"
"hsa-mir-4470","0","1","0","0"
"hsa-mir-4471","0","0","0","0"
"hsa-mir-4472-1","0","0","0","0"
"hsa-mir-4472-2","0","0","0","0"
"hsa-mir-4473","2","1","9","2"
"hsa-mir-4474","0","0","0","0"
"hsa-mir-4475","0","0","0","0"
"hsa-mir-4476","0","0","0","0"
"hsa-mir-4477a","0","0","0","0"
"hsa-mir-4477b","0","0","0","0"
"hsa-mir-4478","0","0","0","0"
"hsa-mir-4479","0","1","0","0"
"hsa-mir-448","0","0","0","0"
"hsa-mir-4480","0","0","0","0"
"hsa-mir-4481","0","0","0","0"
"hsa-mir-4482","0","2","0","0"
"hsa-mir-4483","0","0","0","0"
"hsa-mir-4484","0","0","0","1"
"hsa-mir-4485","0","0","0","0"
"hsa-mir-4486","0","0","0","0"
"hsa-mir-4487","0","0","0","0"
"hsa-mir-4488","0","0","0","0"
"hsa-mir-4489","0","0","0","0"
"hsa-mir-4490","0","0","0","0"
"hsa-mir-4491","0","0","0","0"
"hsa-mir-4492","0","0","0","0"
"hsa-mir-4493","0","0","0","0"
"hsa-mir-4494","0","1","0","1"
"hsa-mir-4495","0","0","0","0"
"hsa-mir-4496","0","0","0","0"
"hsa-mir-4497","0","0","0","0"
"hsa-mir-4498","0","0","0","0"
"hsa-mir-4499","0","0","0","0"
"hsa-mir-449a","0","0","0","0"
"hsa-mir-449b","0","0","0","0"
"hsa-mir-449c","0","0","0","0"
"hsa-mir-4500","0","0","0","0"
"hsa-mir-4501","0","0","0","0"
"hsa-mir-4502","0","0","0","0"
"hsa-mir-4503","0","0","0","0"
"hsa-mir-4504","0","0","0","0"
"hsa-mir-4505","0","1","0","0"
"hsa-mir-4506","0","0","0","0"
"hsa-mir-4507","0","0","0","0"
"hsa-mir-4508","0","0","0","0"
"hsa-mir-4509-1","0","0","0","0"
"hsa-mir-4509-2","0","0","0","0"
"hsa-mir-4509-3","0","0","0","0"
"hsa-mir-450a-1","0","0","5","1"
"hsa-mir-450a-2","0","0","5","1"
"hsa-mir-450b","0","0","26","9"
"hsa-mir-4510","0","0","0","0"
"hsa-mir-4511","0","0","0","2"
"hsa-mir-4512","0","0","0","0"
"hsa-mir-4513","0","0","0","0"
"hsa-mir-4514","0","0","0","0"
"hsa-mir-4515","0","0","0","0"
"hsa-mir-4516","0","0","0","0"
"hsa-mir-4517","0","0","0","0"
"hsa-mir-4518","0","0","0","0"
"hsa-mir-4519","0","0","0","0"
"hsa-mir-451a","25","90","558","168"
"hsa-mir-451b","0","0","0","0"
"hsa-mir-452","1","10","176","94"
"hsa-mir-4520-1","0","0","0","0"
"hsa-mir-4520-2","0","0","0","0"
"hsa-mir-4521","1","0","0","2"
"hsa-mir-4522","0","1","0","0"
"hsa-mir-4523","0","0","0","0"
"hsa-mir-4524a","0","0","0","0"
"hsa-mir-4524b","0","0","0","0"
"hsa-mir-4525","0","0","0","0"
"hsa-mir-4526","0","0","0","0"
"hsa-mir-4527","0","0","0","0"
"hsa-mir-4528","0","0","0","0"
"hsa-mir-4529","0","0","0","0"
"hsa-mir-4530","0","0","0","0"
"hsa-mir-4531","0","0","0","0"
"hsa-mir-4532","0","0","0","0"
"hsa-mir-4533","0","0","0","0"
"hsa-mir-4534","0","0","0","0"
"hsa-mir-4535","0","0","0","0"
"hsa-mir-4536-1","0","0","0","0"
"hsa-mir-4536-2","0","0","0","0"
"hsa-mir-4537","0","1","0","0"
"hsa-mir-4538","0","0","0","0"
"hsa-mir-4539","0","0","0","0"
"hsa-mir-454","0","0","18","3"
"hsa-mir-4540","0","0","0","0"
"hsa-mir-455","289","486","330","757"
"hsa-mir-4632","0","2","0","0"
"hsa-mir-4633","0","0","0","0"
"hsa-mir-4634","0","1","0","0"
"hsa-mir-4635","0","0","0","0"
"hsa-mir-4636","1","2","1","2"
"hsa-mir-4637","0","0","0","0"
"hsa-mir-4638","4","5","3","0"
"hsa-mir-4639","0","0","0","0"
"hsa-mir-4640","0","1","0","0"
"hsa-mir-4641","0","0","0","0"
"hsa-mir-4642","0","0","0","0"
"hsa-mir-4643","0","0","0","0"
"hsa-mir-4644","0","0","0","0"
"hsa-mir-4645","0","1","0","1"
"hsa-mir-4646","1","0","0","0"
"hsa-mir-4647","0","0","0","0"
"hsa-mir-4648","0","0","1","0"
"hsa-mir-4649","0","0","0","0"
"hsa-mir-4650-1","0","0","0","0"
"hsa-mir-4650-2","0","0","0","0"
"hsa-mir-4651","0","0","0","0"
"hsa-mir-4652","0","0","3","1"
"hsa-mir-4653","0","1","0","1"
"hsa-mir-4654","0","0","0","1"
"hsa-mir-4655","0","0","0","0"
"hsa-mir-4656","0","0","0","0"
"hsa-mir-4657","0","0","0","0"
"hsa-mir-4658","1","1","2","0"
"hsa-mir-4659a","0","0","0","0"
"hsa-mir-4659b","0","0","0","0"
"hsa-mir-466","0","0","0","0"
"hsa-mir-4660","0","2","0","1"
"hsa-mir-4661","2","10","6","2"
"hsa-mir-4662a","0","1","2","6"
"hsa-mir-4662b","0","0","0","0"
"hsa-mir-4663","0","0","0","0"
"hsa-mir-4664","0","4","3","0"
"hsa-mir-4665","2","1","0","0"
"hsa-mir-4666a","0","0","0","0"
"hsa-mir-4666b","0","0","0","0"
"hsa-mir-4667","0","2","0","0"
"hsa-mir-4668","0","0","7","5"
"hsa-mir-4669","0","0","0","0"
"hsa-mir-4670","0","0","0","0"
"hsa-mir-4671","0","0","0","0"
"hsa-mir-4672","0","0","0","0"
"hsa-mir-4673","0","0","0","0"
"hsa-mir-4674","2","1","0","0"
"hsa-mir-4675","0","0","0","0"
"hsa-mir-4676","5","6","0","0"
"hsa-mir-4677","1","2","8","16"
"hsa-mir-4678","0","0","0","0"
"hsa-mir-4679-1","0","0","0","0"
"hsa-mir-4679-2","0","0","0","0"
"hsa-mir-4680","0","0","0","0"
"hsa-mir-4681","0","0","0","0"
"hsa-mir-4682","0","2","0","0"
"hsa-mir-4683","0","2","0","0"
"hsa-mir-4684","0","0","2","0"
"hsa-mir-4685","1","1","0","0"
"hsa-mir-4686","0","0","0","0"
"hsa-mir-4687","0","0","0","0"
"hsa-mir-4688","0","0","0","0"
"hsa-mir-4689","2","0","0","0"
"hsa-mir-4690","0","1","0","0"
"hsa-mir-4691","1","0","0","0"
"hsa-mir-4692","0","0","0","0"
"hsa-mir-4693","0","0","0","0"
"hsa-mir-4694","0","0","0","0"
"hsa-mir-4695","0","0","0","0"
"hsa-mir-4696","0","0","0","0"
"hsa-mir-4697","0","0","0","1"
"hsa-mir-4698","0","0","0","0"
"hsa-mir-4699","0","0","0","0"
"hsa-mir-4700","0","1","0","0"
"hsa-mir-4701","0","3","0","0"
"hsa-mir-4703","0","0","0","0"
"hsa-mir-4704","0","0","0","0"
"hsa-mir-4705","0","0","0","0"
"hsa-mir-4706","0","0","0","0"
"hsa-mir-4707","1","0","0","1"
"hsa-mir-4708","1","0","0","0"
"hsa-mir-4709","0","0","0","0"
"hsa-mir-4710","1","0","0","0"
"hsa-mir-4711","0","0","0","0"
"hsa-mir-4712","0","0","0","0"
"hsa-mir-4713","0","0","0","1"
"hsa-mir-4714","0","0","1","1"
"hsa-mir-4715","0","0","0","0"
"hsa-mir-4716","0","0","0","0"
"hsa-mir-4717","3","2","0","0"
"hsa-mir-4718","0","0","0","0"
"hsa-mir-4719","0","0","0","0"
"hsa-mir-4720","0","0","0","0"
"hsa-mir-4721","0","0","0","0"
"hsa-mir-4722","0","0","0","0"
"hsa-mir-4723","1","1","0","0"
"hsa-mir-4724","0","2","4","1"
"hsa-mir-4725","0","0","0","0"
"hsa-mir-4726","0","0","1","1"
"hsa-mir-4727","0","0","0","0"
"hsa-mir-4728","4","10","3","1"
"hsa-mir-4729","0","0","1","0"
"hsa-mir-4730","0","0","0","0"
"hsa-mir-4731","0","0","0","0"
"hsa-mir-4732","5","1","0","0"
"hsa-mir-4733","0","0","0","0"
"hsa-mir-4734","0","0","0","0"
"hsa-mir-4735","0","0","0","0"
"hsa-mir-4736","0","0","0","0"
"hsa-mir-4737","0","0","0","0"
"hsa-mir-4738","0","2","0","0"
"hsa-mir-4739","0","0","0","0"
"hsa-mir-4740","0","1","0","0"
"hsa-mir-4741","0","1","0","0"
"hsa-mir-4742","0","0","2","1"
"hsa-mir-4743","0","0","0","0"
"hsa-mir-4744","0","0","0","0"
"hsa-mir-4745","0","2","0","0"
"hsa-mir-4746","6","34","4","5"
"hsa-mir-4747","0","0","0","0"
"hsa-mir-4748","0","0","0","0"
"hsa-mir-4749","0","1","0","0"
"hsa-mir-4750","0","0","0","0"
"hsa-mir-4751","0","0","0","0"
"hsa-mir-4752","0","0","0","0"
"hsa-mir-4753","0","0","0","0"
"hsa-mir-4754","1","3","0","0"
"hsa-mir-4755","0","1","0","0"
"hsa-mir-4756","1","0","0","1"
"hsa-mir-4757","2","0","0","0"
"hsa-mir-4758","1","0","0","0"
"hsa-mir-4759","0","0","0","0"
"hsa-mir-4760","0","0","0","0"
"hsa-mir-4761","0","0","0","0"
"hsa-mir-4762","0","0","0","0"
"hsa-mir-4763","0","1","0","0"
"hsa-mir-4764","0","0","0","0"
"hsa-mir-4765","0","0","0","0"
"hsa-mir-4766","0","0","0","2"
"hsa-mir-4767","0","1","0","0"
"hsa-mir-4768","0","0","0","0"
"hsa-mir-4769","0","0","0","0"
"hsa-mir-4770","0","0","2","0"
"hsa-mir-4771-1","0","0","0","0"
"hsa-mir-4771-2","0","0","0","1"
"hsa-mir-4772","4","28","5","13"
"hsa-mir-4773-1","0","0","0","0"
"hsa-mir-4773-2","0","0","0","0"
"hsa-mir-4774","0","0","0","0"
"hsa-mir-4775","0","0","0","0"
"hsa-mir-4776-1","0","0","0","0"
"hsa-mir-4776-2","0","0","0","0"
"hsa-mir-4777","0","0","0","0"
"hsa-mir-4778","0","0","0","0"
"hsa-mir-4779","0","0","0","0"
"hsa-mir-4780","0","0","0","0"
"hsa-mir-4781","1","0","1","0"
"hsa-mir-4782","0","0","0","0"
"hsa-mir-4783","0","0","0","0"
"hsa-mir-4784","0","3","1","0"
"hsa-mir-4785","0","0","1","0"
"hsa-mir-4786","0","1","0","0"
"hsa-mir-4787","3","2","0","0"
"hsa-mir-4788","0","0","0","0"
"hsa-mir-4789","0","0","0","0"
"hsa-mir-4790","0","0","0","0"
"hsa-mir-4791","0","0","3","1"
"hsa-mir-4792","0","0","0","0"
"hsa-mir-4793","0","0","0","1"
"hsa-mir-4794","0","0","0","0"
"hsa-mir-4795","0","0","0","0"
"hsa-mir-4796","0","0","0","0"
"hsa-mir-4797","0","1","2","0"
"hsa-mir-4798","0","0","0","0"
"hsa-mir-4799","0","1","0","0"
"hsa-mir-4800","1","0","1","0"
"hsa-mir-4801","0","0","0","0"
"hsa-mir-4802","0","0","0","0"
"hsa-mir-4803","0","0","0","0"
"hsa-mir-4804","0","0","0","0"
"hsa-mir-483","17","10","1","0"
"hsa-mir-484","189","508","47","46"
"hsa-mir-485","30","21","4","2"
"hsa-mir-486-1","1866","906","58","12"
"hsa-mir-486-2","1989","940","57","18"
"hsa-mir-487a","6","7","1","0"
"hsa-mir-487b","1","6","9","8"
"hsa-mir-488","0","0","0","0"
"hsa-mir-489","0","0","1","3"
"hsa-mir-490","78","2","14","0"
"hsa-mir-491","1","7","6","1"
"hsa-mir-492","0","0","0","0"
"hsa-mir-493","1","9","25","9"
"hsa-mir-494","0","0","1","1"
"hsa-mir-495","1","0","13","1"
"hsa-mir-496","0","1","5","0"
"hsa-mir-497","11","15","30","2"
"hsa-mir-498","0","0","0","0"
"hsa-mir-4999","0","0","2","1"
"hsa-mir-499a","0","0","1","0"
"hsa-mir-499b","0","0","0","0"
"hsa-mir-5000","0","0","1","3"
"hsa-mir-5001","0","3","1","1"
"hsa-mir-5002","0","0","0","0"
"hsa-mir-5003","0","0","3","0"
"hsa-mir-5004","0","0","0","0"
"hsa-mir-5006","1","0","0","0"
"hsa-mir-5007","0","0","0","0"
"hsa-mir-5008","0","0","0","0"
"hsa-mir-5009","0","0","0","0"
"hsa-mir-500a","437","1030","453","478"
"hsa-mir-500b","6","23","10","2"
"hsa-mir-501","157","265","65","91"
"hsa-mir-5010","4","7","1","0"
"hsa-mir-5011","0","0","0","0"
"hsa-mir-502","7","16","11","8"
"hsa-mir-503","3","9","26","11"
"hsa-mir-504","38","15","0","2"
"hsa-mir-5047","0","0","0","0"
"hsa-mir-505","94","220","54","51"
"hsa-mir-506","0","0","0","0"
"hsa-mir-507","0","0","0","0"
"hsa-mir-508","0","2","27","22"
"hsa-mir-5087","0","1","0","0"
"hsa-mir-5088","0","0","0","0"
"hsa-mir-5089","0","0","0","0"
"hsa-mir-509-1","2","0","8","2"
"hsa-mir-509-2","0","3","4","5"
"hsa-mir-509-3","1","0","7","6"
"hsa-mir-5090","4","5","0","0"
"hsa-mir-5091","0","3","1","2"
"hsa-mir-5092","0","1","0","0"
"hsa-mir-5093","0","1","0","0"
"hsa-mir-5094","0","0","0","0"
"hsa-mir-5095","0","0","0","0"
"hsa-mir-5096","0","0","0","0"
"hsa-mir-510","0","0","0","0"
"hsa-mir-5100","0","0","0","0"
"hsa-mir-511","3","9","13","3"
"hsa-mir-512-1","0","0","0","0"
"hsa-mir-512-2","0","0","0","0"
"hsa-mir-513a-1","0","0","0","0"
"hsa-mir-513a-2","0","0","0","0"
"hsa-mir-513b","0","0","0","0"
"hsa-mir-513c","0","1","1","0"
"hsa-mir-514a-1","0","0","1","0"
"hsa-mir-514a-2","0","0","3","0"
"hsa-mir-514a-3","0","0","4","1"
"hsa-mir-514b","0","0","0","0"
"hsa-mir-515-1","0","0","0","0"
"hsa-mir-515-2","0","0","0","0"
"hsa-mir-516a-1","0","0","0","0"
"hsa-mir-516a-2","0","0","0","0"
"hsa-mir-516b-1","0","0","0","0"
"hsa-mir-516b-2","0","0","0","0"
"hsa-mir-517a","0","0","1","0"
"hsa-mir-517b","0","0","1","0"
"hsa-mir-517c","0","0","0","0"
"hsa-mir-5186","0","0","0","0"
"hsa-mir-5187","2","3","1","0"
"hsa-mir-5188","0","0","0","0"
"hsa-mir-5189","0","0","0","1"
"hsa-mir-518a-1","0","0","0","0"
"hsa-mir-518a-2","0","0","0","0"
"hsa-mir-518b","0","0","0","0"
"hsa-mir-518c","0","0","0","0"
"hsa-mir-518d","0","0","0","0"
"hsa-mir-518e","0","0","0","0"
"hsa-mir-518f","0","0","0","0"
"hsa-mir-5190","0","0","0","0"
"hsa-mir-5191","0","0","0","0"
"hsa-mir-5192","0","0","0","0"
"hsa-mir-5193","2","3","0","0"
"hsa-mir-5194","0","0","0","0"
"hsa-mir-5195","0","0","0","0"
"hsa-mir-5196","0","0","0","0"
"hsa-mir-5197","0","0","0","0"
"hsa-mir-519a-1","0","0","1","1"
"hsa-mir-519a-2","0","0","0","0"
"hsa-mir-519b","0","0","0","0"
"hsa-mir-519c","0","0","0","0"
"hsa-mir-519d","0","0","0","0"
"hsa-mir-519e","0","0","0","0"
"hsa-mir-520a","0","0","1","0"
"hsa-mir-520b","0","0","0","0"
"hsa-mir-520c","0","0","0","0"
"hsa-mir-520d","0","0","0","0"
"hsa-mir-520e","0","0","0","0"
"hsa-mir-520f","0","0","0","0"
"hsa-mir-520g","0","0","0","0"
"hsa-mir-520h","0","0","0","0"
"hsa-mir-521-1","0","0","0","0"
"hsa-mir-521-2","0","0","0","0"
"hsa-mir-522","0","0","0","0"
"hsa-mir-523","0","0","0","0"
"hsa-mir-524","0","0","0","0"
"hsa-mir-525","0","0","0","0"
"hsa-mir-526a-1","0","0","0","0"
"hsa-mir-526a-2","0","0","0","0"
"hsa-mir-526b","0","0","1","0"
"hsa-mir-527","0","0","0","0"
"hsa-mir-532","926","2129","2260","1881"
"hsa-mir-539","8","17","36","30"
"hsa-mir-541","0","0","1","0"
"hsa-mir-542","2","7","305","112"
"hsa-mir-543","1","3","3","0"
"hsa-mir-544a","0","0","0","0"
"hsa-mir-544b","0","0","0","0"
"hsa-mir-545","0","0","0","3"
"hsa-mir-548a-1","0","0","0","0"
"hsa-mir-548a-2","0","0","0","0"
"hsa-mir-548a-3","0","0","0","0"
"hsa-mir-548aa-1","0","0","0","0"
"hsa-mir-548aa-2","0","0","0","0"
"hsa-mir-548ab","0","0","0","0"
"hsa-mir-548ac","0","0","0","0"
"hsa-mir-548ad","0","0","0","0"
"hsa-mir-548ae-1","0","0","0","0"
"hsa-mir-548ae-2","0","0","0","0"
"hsa-mir-548ag-1","0","0","0","0"
"hsa-mir-548ag-2","0","0","0","0"
"hsa-mir-548ah","0","0","0","0"
"hsa-mir-548ai","0","0","0","0"
"hsa-mir-548aj-1","0","0","0","0"
"hsa-mir-548aj-2","0","0","0","0"
"hsa-mir-548ak","0","0","0","0"
"hsa-mir-548al","0","0","0","0"
"hsa-mir-548am","0","0","0","0"
"hsa-mir-548an","0","0","0","0"
"hsa-mir-548ao","0","0","0","0"
"hsa-mir-548ap","0","0","0","0"
"hsa-mir-548aq","0","0","0","0"
"hsa-mir-548ar","0","0","1","0"
"hsa-mir-548as","0","0","0","0"
"hsa-mir-548at","0","0","0","0"
"hsa-mir-548au","0","0","0","1"
"hsa-mir-548av","0","0","0","0"
"hsa-mir-548aw","0","0","0","0"
"hsa-mir-548ax","0","0","0","0"
"hsa-mir-548ay","0","0","0","0"
"hsa-mir-548az","0","0","0","0"
"hsa-mir-548b","0","0","0","0"
"hsa-mir-548ba","0","0","0","0"
"hsa-mir-548bb","0","0","0","0"
"hsa-mir-548c","0","0","0","0"
"hsa-mir-548d-1","0","0","0","0"
"hsa-mir-548d-2","0","0","0","0"
"hsa-mir-548e","0","0","1","1"
"hsa-mir-548f-1","0","0","3","0"
"hsa-mir-548f-2","0","0","0","0"
"hsa-mir-548f-3","0","0","0","0"
"hsa-mir-548f-4","0","0","0","0"
"hsa-mir-548f-5","0","0","0","0"
"hsa-mir-548g","0","0","0","0"
"hsa-mir-548h-1","0","0","0","0"
"hsa-mir-548h-2","0","0","0","0"
"hsa-mir-548h-3","0","0","0","0"
"hsa-mir-548h-4","0","0","0","0"
"hsa-mir-548h-5","0","0","0","0"
"hsa-mir-548i-1","0","0","0","0"
"hsa-mir-548i-2","0","0","0","0"
"hsa-mir-548i-3","0","0","0","0"
"hsa-mir-548i-4","0","0","0","0"
"hsa-mir-548j","0","0","1","1"
"hsa-mir-548k","0","0","1","0"
"hsa-mir-548l","0","0","0","0"
"hsa-mir-548m","0","0","0","0"
"hsa-mir-548n","0","0","0","0"
"hsa-mir-548o","0","0","1","2"
"hsa-mir-548o-2","0","1","0","0"
"hsa-mir-548p","0","0","0","0"
"hsa-mir-548q","0","0","0","0"
"hsa-mir-548s","0","1","0","0"
"hsa-mir-548t","0","0","0","0"
"hsa-mir-548u","0","0","0","0"
"hsa-mir-548v","1","2","1","31"
"hsa-mir-548w","0","0","0","0"
"hsa-mir-548x","0","0","0","0"
"hsa-mir-548x-2","0","0","0","0"
"hsa-mir-548y","0","0","0","1"
"hsa-mir-548z","0","0","0","0"
"hsa-mir-549a","0","0","3","5"
"hsa-mir-550a-1","1","9","3","3"
"hsa-mir-550a-2","1","5","1","2"
"hsa-mir-550a-3","2","3","2","0"
"hsa-mir-550b-1","0","0","0","0"
"hsa-mir-550b-2","0","0","0","0"
"hsa-mir-551a","0","0","0","0"
"hsa-mir-551b","0","0","6","1"
"hsa-mir-552","1","5","97","12"
"hsa-mir-553","0","0","0","0"
"hsa-mir-554","0","0","0","0"
"hsa-mir-555","0","0","0","0"
"hsa-mir-556","0","0","1","1"
"hsa-mir-557","0","0","0","0"
"hsa-mir-5571","0","6","0","1"
"hsa-mir-5572","0","0","0","0"
"hsa-mir-5579","0","0","0","0"
"hsa-mir-558","0","0","0","0"
"hsa-mir-5580","0","0","0","0"
"hsa-mir-5581","1","0","1","0"
"hsa-mir-5582","0","0","1","0"
"hsa-mir-5583-1","0","0","0","0"
"hsa-mir-5583-2","0","0","0","0"
"hsa-mir-5584","0","0","0","0"
"hsa-mir-5585","0","0","0","0"
"hsa-mir-5586","0","0","3","1"
"hsa-mir-5587","0","0","0","0"
"hsa-mir-5588","0","1","0","0"
"hsa-mir-5589","0","0","0","0"
"hsa-mir-559","0","0","3","0"
"hsa-mir-5590","0","0","0","0"
"hsa-mir-5591","0","0","0","0"
"hsa-mir-561","0","0","0","14"
"hsa-mir-562","0","0","0","0"
"hsa-mir-563","0","0","0","0"
"hsa-mir-564","0","0","1","0"
"hsa-mir-566","0","0","0","0"
"hsa-mir-567","0","0","0","0"
"hsa-mir-568","0","0","0","0"
"hsa-mir-5680","0","0","0","0"
"hsa-mir-5681a","0","0","0","0"
"hsa-mir-5681b","0","0","0","0"
"hsa-mir-5682","0","0","0","0"
"hsa-mir-5683","0","0","63","0"
"hsa-mir-5684","0","0","0","0"
"hsa-mir-5685","0","0","0","0"
"hsa-mir-5687","0","0","0","0"
"hsa-mir-5688","0","0","0","0"
"hsa-mir-5689","0","0","0","0"
"hsa-mir-569","0","0","0","0"
"hsa-mir-5690","1","0","0","0"
"hsa-mir-5691","0","0","0","0"
"hsa-mir-5692a-1","0","0","0","0"
"hsa-mir-5692a-2","0","0","0","0"
"hsa-mir-5692b","0","0","0","0"
"hsa-mir-5692c-1","0","0","0","0"
"hsa-mir-5692c-2","0","0","0","0"
"hsa-mir-5693","0","0","0","0"
"hsa-mir-5694","0","0","1","0"
"hsa-mir-5695","0","0","0","0"
"hsa-mir-5696","0","0","1","0"
"hsa-mir-5697","0","0","0","0"
"hsa-mir-5698","0","8","0","2"
"hsa-mir-5699","0","0","1","0"
"hsa-mir-570","0","0","0","1"
"hsa-mir-5700","0","0","0","0"
"hsa-mir-5701-1","0","0","0","0"
"hsa-mir-5701-2","0","0","0","0"
"hsa-mir-5701-3","0","0","0","0"
"hsa-mir-5702","0","0","0","0"
"hsa-mir-5703","0","0","0","0"
"hsa-mir-5704","0","0","0","0"
"hsa-mir-5705","0","0","0","0"
"hsa-mir-5706","0","0","0","0"
"hsa-mir-5707","0","0","0","0"
"hsa-mir-5708","0","0","0","0"
"hsa-mir-571","0","0","0","0"
"hsa-mir-572","0","0","0","1"
"hsa-mir-573","0","0","0","3"
"hsa-mir-5739","0","0","0","0"
"hsa-mir-574","532","693","47","71"
"hsa-mir-575","0","0","0","0"
"hsa-mir-576","3","7","8","21"
"hsa-mir-577","0","2","117","587"
"hsa-mir-578","0","0","0","0"
"hsa-mir-5787","0","0","0","0"
"hsa-mir-579","1","0","1","4"
"hsa-mir-580","0","0","0","1"
"hsa-mir-581","0","0","0","1"
"hsa-mir-582","10","4","374","1508"
"hsa-mir-583","0","0","0","0"
"hsa-mir-584","52","93","169","343"
"hsa-mir-585","1","1","2","0"
"hsa-mir-586","0","0","0","0"
"hsa-mir-587","0","0","0","0"
"hsa-mir-588","0","0","0","0"
"hsa-mir-589","217","365","65","68"
"hsa-mir-590","0","0","39","67"
"hsa-mir-591","0","0","0","0"
"hsa-mir-592","0","0","15","17"
"hsa-mir-593","0","0","0","0"
"hsa-mir-595","0","0","0","0"
"hsa-mir-596","0","0","0","0"
"hsa-mir-597","0","0","0","0"
"hsa-mir-598","0","2","22","9"
"hsa-mir-599","0","0","0","0"
"hsa-mir-600","0","0","0","0"
"hsa-mir-601","0","0","0","0"
"hsa-mir-602","0","0","0","0"
"hsa-mir-603","0","0","0","0"
"hsa-mir-604","0","0","0","0"
"hsa-mir-605","5","5","0","0"
"hsa-mir-606","0","0","0","0"
"hsa-mir-6068","0","0","0","0"
"hsa-mir-6069","0","0","0","0"
"hsa-mir-607","0","0","0","1"
"hsa-mir-6070","0","0","0","0"
"hsa-mir-6071","0","0","0","0"
"hsa-mir-6072","0","0","0","0"
"hsa-mir-6073","0","0","0","1"
"hsa-mir-6074","0","0","0","0"
"hsa-mir-6075","0","0","0","0"
"hsa-mir-6076","0","0","0","0"
"hsa-mir-6077","0","0","0","0"
"hsa-mir-6078","0","0","0","0"
"hsa-mir-6079","0","0","0","0"
"hsa-mir-608","0","0","0","0"
"hsa-mir-6080","0","0","0","1"
"hsa-mir-6081","0","0","0","0"
"hsa-mir-6082","0","0","0","0"
"hsa-mir-6083","0","0","0","0"
"hsa-mir-6084","0","0","0","0"
"hsa-mir-6085","0","0","0","0"
"hsa-mir-6086","0","0","0","0"
"hsa-mir-6087","0","1","0","0"
"hsa-mir-6088","0","0","0","0"
"hsa-mir-6089-1","0","0","0","0"
"hsa-mir-6089-2","0","0","0","0"
"hsa-mir-609","0","0","0","0"
"hsa-mir-6090","0","0","0","0"
"hsa-mir-610","0","0","0","0"
"hsa-mir-611","0","1","0","0"
"hsa-mir-612","0","0","0","0"
"hsa-mir-6124","0","0","0","0"
"hsa-mir-6125","1","2","0","0"
"hsa-mir-6126","0","0","0","0"
"hsa-mir-6127","0","0","0","0"
"hsa-mir-6128","0","0","0","0"
"hsa-mir-6129","0","0","0","0"
"hsa-mir-613","0","0","0","0"
"hsa-mir-6130","0","0","0","0"
"hsa-mir-6131","0","0","0","0"
"hsa-mir-6132","0","0","0","0"
"hsa-mir-6133","0","0","0","0"
"hsa-mir-6134","0","0","0","0"
"hsa-mir-614","0","0","0","0"
"hsa-mir-615","0","7","0","2"
"hsa-mir-616","10","7","8","23"
"hsa-mir-6165","0","0","0","0"
"hsa-mir-617","0","0","0","0"
"hsa-mir-618","0","0","0","0"
"hsa-mir-619","0","0","0","0"
"hsa-mir-620","0","0","0","0"
"hsa-mir-621","0","0","0","0"
"hsa-mir-622","0","0","0","0"
"hsa-mir-623","0","0","0","0"
"hsa-mir-624","2","0","2","1"
"hsa-mir-625","479","1924","126","985"
"hsa-mir-626","0","0","0","0"
"hsa-mir-627","0","0","4","2"
"hsa-mir-628","0","0","49","102"
"hsa-mir-629","90","236","102","231"
"hsa-mir-630","0","0","0","0"
"hsa-mir-631","0","0","0","0"
"hsa-mir-632","0","5","1","0"
"hsa-mir-633","0","0","0","0"
"hsa-mir-634","0","0","0","0"
"hsa-mir-635","0","0","0","0"
"hsa-mir-636","0","1","0","0"
"hsa-mir-637","0","0","0","0"
"hsa-mir-638","0","0","0","0"
"hsa-mir-639","1","3","0","1"
"hsa-mir-640","0","0","0","0"
"hsa-mir-641","0","0","0","0"
"hsa-mir-642a","71","69","1","36"
"hsa-mir-642b","0","0","0","1"
"hsa-mir-643","0","0","0","1"
"hsa-mir-644a","0","0","0","0"
"hsa-mir-645","0","0","0","0"
"hsa-mir-646","0","0","0","0"
"hsa-mir-647","0","0","0","0"
"hsa-mir-648","0","0","0","0"
"hsa-mir-649","0","0","0","0"
"hsa-mir-6499","0","0","0","0"
"hsa-mir-650","0","0","0","0"
"hsa-mir-6500","0","0","0","0"
"hsa-mir-6501","0","3","0","1"
"hsa-mir-6502","0","0","1","1"
"hsa-mir-6503","1","0","0","0"
"hsa-mir-6504","0","0","0","0"
"hsa-mir-6505","0","0","0","0"
"hsa-mir-6506","0","0","0","0"
"hsa-mir-6507","0","3","0","0"
"hsa-mir-6508","0","0","0","0"
"hsa-mir-6509","0","2","0","3"
"hsa-mir-651","0","2","8","1"
"hsa-mir-6510","0","0","0","0"
"hsa-mir-6511a-1","0","0","0","0"
"hsa-mir-6511a-2","0","0","0","0"
"hsa-mir-6511a-3","0","0","0","0"
"hsa-mir-6511a-4","0","0","0","0"
"hsa-mir-6511b-1","19","16","3","0"
"hsa-mir-6511b-2","28","16","1","0"
"hsa-mir-6512","0","0","0","0"
"hsa-mir-6513","0","0","0","0"
"hsa-mir-6514","0","1","0","0"
"hsa-mir-6515","1","1","0","1"
"hsa-mir-6516","0","0","3","1"
"hsa-mir-652","52","139","31","26"
"hsa-mir-653","0","0","13","19"
"hsa-mir-654","13","15","27","6"
"hsa-mir-655","0","0","1","0"
"hsa-mir-656","0","0","1","0"
"hsa-mir-657","0","0","0","0"
"hsa-mir-658","0","2","0","0"
"hsa-mir-659","0","4","2","3"
"hsa-mir-660","1","7","77","45"
"hsa-mir-661","0","0","0","0"
"hsa-mir-662","0","0","0","0"
"hsa-mir-663a","0","0","0","0"
"hsa-mir-663b","0","0","0","0"
"hsa-mir-664a","18","53","28","3"
"hsa-mir-664b","8","14","8","2"
"hsa-mir-665","0","0","2","1"
"hsa-mir-668","1","1","0","0"
"hsa-mir-670","0","0","0","0"
"hsa-mir-671","22","43","8","12"
"hsa-mir-6715a","0","0","0","0"
"hsa-mir-6715b","5","5","0","2"
"hsa-mir-6716","5","1","0","0"
"hsa-mir-6717","0","0","0","0"
"hsa-mir-6718","0","4","2","2"
"hsa-mir-6719","0","0","0","0"
"hsa-mir-6720","6","11","0","1"
"hsa-mir-6721","2","1","0","0"
"hsa-mir-6722","0","0","0","0"
"hsa-mir-6723","0","0","0","0"
"hsa-mir-6724-1","0","0","0","0"
"hsa-mir-6724-2","0","0","0","0"
"hsa-mir-6724-3","0","0","0","0"
"hsa-mir-6724-4","0","0","0","0"
"hsa-mir-6726","0","0","0","1"
"hsa-mir-6727","0","0","0","0"
"hsa-mir-6728","0","0","0","0"
"hsa-mir-6729","0","0","0","0"
"hsa-mir-6730","1","0","0","0"
"hsa-mir-6731","0","1","0","0"
"hsa-mir-6732","0","1","0","0"
"hsa-mir-6733","0","0","0","0"
"hsa-mir-6734","1","1","0","0"
"hsa-mir-6735","0","0","1","0"
"hsa-mir-6736","0","0","0","0"
"hsa-mir-6737","0","0","0","0"
"hsa-mir-6738","0","3","0","0"
"hsa-mir-6739","0","0","0","0"
"hsa-mir-6740","0","0","0","0"
"hsa-mir-6741","0","1","0","0"
"hsa-mir-6742","0","0","0","0"
"hsa-mir-6743","0","1","1","0"
"hsa-mir-6744","0","3","0","3"
"hsa-mir-6745","0","0","0","0"
"hsa-mir-6746","2","0","0","0"
"hsa-mir-6747","2","0","0","0"
"hsa-mir-6748","1","0","0","0"
"hsa-mir-6749","1","1","1","0"
"hsa-mir-675","21","6","63","26"
"hsa-mir-6750","1","2","0","0"
"hsa-mir-6751","1","0","0","1"
"hsa-mir-6752","0","0","0","0"
"hsa-mir-6753","1","0","0","0"
"hsa-mir-6754","1","0","0","0"
"hsa-mir-6755","1","0","0","0"
"hsa-mir-6756","1","1","0","0"
"hsa-mir-6757","0","0","0","0"
"hsa-mir-6758","0","0","0","0"
"hsa-mir-6759","0","0","0","0"
"hsa-mir-676","0","0","0","2"
"hsa-mir-6760","0","0","0","0"
"hsa-mir-6761","2","3","5","2"
"hsa-mir-6762","1","2","0","0"
"hsa-mir-6763","0","1","0","0"
"hsa-mir-6764","0","1","0","0"
"hsa-mir-6765","0","0","0","0"
"hsa-mir-6766","0","0","0","0"
"hsa-mir-6767","0","0","0","0"
"hsa-mir-6768","0","0","0","0"
"hsa-mir-6769a","0","2","0","0"
"hsa-mir-6769b","3","2","0","0"
"hsa-mir-6770-1","0","0","0","0"
"hsa-mir-6770-2","0","0","0","0"
"hsa-mir-6770-3","0","0","0","0"
"hsa-mir-6771","0","0","0","0"
"hsa-mir-6772","0","0","0","0"
"hsa-mir-6773","0","0","0","0"
"hsa-mir-6774","0","0","0","0"
"hsa-mir-6775","0","0","0","0"
"hsa-mir-6776","0","0","0","0"
"hsa-mir-6777","1","1","0","0"
"hsa-mir-6778","0","0","0","0"
"hsa-mir-6779","1","1","0","0"
"hsa-mir-6780a","0","0","0","0"
"hsa-mir-6780b","0","0","0","0"
"hsa-mir-6781","1","1","0","0"
"hsa-mir-6782","1","1","0","0"
"hsa-mir-6783","0","4","2","2"
"hsa-mir-6784","0","1","0","0"
"hsa-mir-6785","0","2","0","0"
"hsa-mir-6786","0","1","0","0"
"hsa-mir-6787","0","0","0","0"
"hsa-mir-6788","0","0","0","0"
"hsa-mir-6789","0","0","0","0"
"hsa-mir-6790","0","0","0","0"
"hsa-mir-6791","1","0","0","0"
"hsa-mir-6792","0","0","0","0"
"hsa-mir-6793","6","2","0","0"
"hsa-mir-6794","0","0","0","0"
"hsa-mir-6795","1","0","0","0"
"hsa-mir-6796","4","0","0","0"
"hsa-mir-6797","0","0","0","0"
"hsa-mir-6798","1","1","0","0"
"hsa-mir-6799","0","0","0","0"
"hsa-mir-6800","1","0","0","0"
"hsa-mir-6801","0","2","0","0"
"hsa-mir-6802","0","3","0","0"
"hsa-mir-6803","5","10","0","0"
"hsa-mir-6804","0","0","0","0"
"hsa-mir-6805","0","0","0","0"
"hsa-mir-6806","1","4","0","0"
"hsa-mir-6807","1","1","0","0"
"hsa-mir-6808","5","5","0","2"
"hsa-mir-6809","0","0","0","0"
"hsa-mir-6810","2","0","2","0"
"hsa-mir-6811","0","0","0","0"
"hsa-mir-6812","1","1","0","0"
"hsa-mir-6813","0","0","0","0"
"hsa-mir-6814","0","0","0","0"
"hsa-mir-6815","0","0","1","0"
"hsa-mir-6816","0","0","0","0"
"hsa-mir-6817","0","0","0","0"
"hsa-mir-6818","0","0","0","1"
"hsa-mir-6819","0","0","0","0"
"hsa-mir-6820","0","1","0","0"
"hsa-mir-6821","0","0","0","0"
"hsa-mir-6822","0","2","0","0"
"hsa-mir-6823","0","0","0","0"
"hsa-mir-6824","0","1","0","0"
"hsa-mir-6825","1","0","0","0"
"hsa-mir-6826","0","0","0","0"
"hsa-mir-6827","0","0","0","0"
"hsa-mir-6828","0","0","0","0"
"hsa-mir-6829","0","0","0","0"
"hsa-mir-6830","0","0","0","0"
"hsa-mir-6831","0","0","0","1"
"hsa-mir-6832","2","1","0","1"
"hsa-mir-6833","1","2","0","0"
"hsa-mir-6834","0","0","0","0"
"hsa-mir-6835","0","0","0","0"
"hsa-mir-6836","0","2","0","0"
"hsa-mir-6837","1","5","0","1"
"hsa-mir-6838","0","0","0","0"
"hsa-mir-6839","0","0","0","0"
"hsa-mir-6840","0","0","0","0"
"hsa-mir-6841","0","0","0","0"
"hsa-mir-6842","5","18","1","2"
"hsa-mir-6843","0","0","0","0"
"hsa-mir-6844","0","0","0","1"
"hsa-mir-6845","0","0","0","0"
"hsa-mir-6846","0","0","0","0"
"hsa-mir-6847","0","0","0","0"
"hsa-mir-6848","0","0","0","0"
"hsa-mir-6849","0","0","0","0"
"hsa-mir-6850","0","0","0","0"
"hsa-mir-6851","4","0","0","0"
"hsa-mir-6852","2","1","0","0"
"hsa-mir-6853","1","0","0","0"
"hsa-mir-6854","0","2","2","2"
"hsa-mir-6855","0","0","0","0"
"hsa-mir-6856","0","0","2","0"
"hsa-mir-6857","0","0","0","0"
"hsa-mir-6858","0","0","0","0"
"hsa-mir-6859-1","0","0","0","0"
"hsa-mir-6859-2","0","0","0","0"
"hsa-mir-6859-3","0","0","0","0"
"hsa-mir-6859-4","0","0","0","0"
"hsa-mir-6860","0","0","0","0"
"hsa-mir-6861","0","0","0","0"
"hsa-mir-6862-1","0","0","0","0"
"hsa-mir-6862-2","0","0","0","0"
"hsa-mir-6863","0","0","0","0"
"hsa-mir-6864","0","0","0","0"
"hsa-mir-6865","0","1","0","0"
"hsa-mir-6866","0","0","1","0"
"hsa-mir-6867","0","0","0","0"
"hsa-mir-6868","0","0","0","1"
"hsa-mir-6869","0","0","0","0"
"hsa-mir-6870","1","0","0","0"
"hsa-mir-6871","2","1","0","0"
"hsa-mir-6872","0","0","0","0"
"hsa-mir-6873","0","0","0","0"
"hsa-mir-6874","0","0","1","0"
"hsa-mir-6875","0","1","2","0"
"hsa-mir-6876","0","0","0","0"
"hsa-mir-6877","3","2","1","0"
"hsa-mir-6878","0","0","0","0"
"hsa-mir-6879","2","1","0","0"
"hsa-mir-6880","0","0","0","0"
"hsa-mir-6881","0","0","0","0"
"hsa-mir-6882","0","0","0","0"
"hsa-mir-6883","0","0","0","0"
"hsa-mir-6884","0","0","1","0"
"hsa-mir-6885","0","1","0","0"
"hsa-mir-6886","0","1","0","0"
"hsa-mir-6887","1","1","0","0"
"hsa-mir-6888","0","0","0","1"
"hsa-mir-6889","0","0","0","0"
"hsa-mir-6890","0","0","0","0"
"hsa-mir-6891","0","3","0","1"
"hsa-mir-6892","10","7","2","2"
"hsa-mir-6893","0","0","0","0"
"hsa-mir-6894","2","1","0","0"
"hsa-mir-6895","1","0","0","0"
"hsa-mir-7-1","5","12","104","36"
"hsa-mir-7-2","0","0","11","2"
"hsa-mir-7-3","0","0","11","0"
"hsa-mir-708","3","4","103","15"
"hsa-mir-7106","0","0","0","0"
"hsa-mir-7107","0","0","0","0"
"hsa-mir-7108","0","0","0","0"
"hsa-mir-7109","0","0","0","0"
"hsa-mir-711","0","0","0","0"
"hsa-mir-7110","1","2","0","0"
"hsa-mir-7111","0","0","0","0"
"hsa-mir-7112","0","0","1","0"
"hsa-mir-7113","2","0","0","0"
"hsa-mir-7114","0","0","0","0"
"hsa-mir-7150","0","0","0","0"
"hsa-mir-7151","1","0","0","0"
"hsa-mir-7152","0","0","0","0"
"hsa-mir-7153","0","0","0","0"
"hsa-mir-7154","0","0","0","0"
"hsa-mir-7155","1","1","0","0"
"hsa-mir-7156","0","0","0","0"
"hsa-mir-7157","0","0","0","0"
"hsa-mir-7158","0","0","0","0"
"hsa-mir-7159","0","0","0","0"
"hsa-mir-7160","0","0","0","0"
"hsa-mir-7161","0","0","0","0"
"hsa-mir-7162","0","0","0","0"
"hsa-mir-718","0","0","0","0"
"hsa-mir-744","136","150","40","80"
"hsa-mir-7515","0","0","0","0"
"hsa-mir-758","8","7","17","7"
"hsa-mir-759","0","0","0","0"
"hsa-mir-760","13","7","2","0"
"hsa-mir-761","0","0","0","0"
"hsa-mir-762","0","0","0","0"
"hsa-mir-764","0","0","0","0"
"hsa-mir-7641-1","4","5","0","1"
"hsa-mir-7641-2","1","4","0","0"
"hsa-mir-765","0","0","0","0"
"hsa-mir-766","162","92","9","2"
"hsa-mir-767","5","10","0","0"
"hsa-mir-769","12","23","59","39"
"hsa-mir-770","0","1","0","0"
"hsa-mir-7702","16","82","1","4"
"hsa-mir-7703","0","0","0","0"
"hsa-mir-7704","0","0","0","0"
"hsa-mir-7705","0","0","3","0"
"hsa-mir-7706","8","29","2","1"
"hsa-mir-7843","0","0","0","0"
"hsa-mir-7844","0","1","0","0"
"hsa-mir-7845","0","1","0","0"
"hsa-mir-7846","0","6","0","0"
"hsa-mir-7847","0","0","0","0"
"hsa-mir-7848","0","0","0","0"
"hsa-mir-7849","0","0","0","0"
"hsa-mir-7850","0","1","0","1"
"hsa-mir-7851","0","0","0","0"
"hsa-mir-7852","0","0","0","0"
"hsa-mir-7853","0","0","0","0"
"hsa-mir-7854","2","2","0","0"
"hsa-mir-7855","0","0","0","0"
"hsa-mir-7856","0","0","0","0"
"hsa-mir-7973-1","0","0","0","0"
"hsa-mir-7973-2","0","0","0","0"
"hsa-mir-7974","0","1","5","2"
"hsa-mir-7975","0","0","0","0"
"hsa-mir-7976","0","0","0","1"
"hsa-mir-7977","0","0","0","0"
"hsa-mir-7978","0","0","0","1"
"hsa-mir-802","0","0","0","0"
"hsa-mir-8052","0","0","0","0"
"hsa-mir-8053","0","0","0","0"
"hsa-mir-8054","0","0","0","0"
"hsa-mir-8055","0","0","0","0"
"hsa-mir-8056","0","0","0","0"
"hsa-mir-8057","0","0","0","0"
"hsa-mir-8058","0","0","0","0"
"hsa-mir-8059","0","0","0","0"
"hsa-mir-8060","0","0","0","0"
"hsa-mir-8061","0","0","0","0"
"hsa-mir-8062","0","0","0","0"
"hsa-mir-8063","0","0","0","0"
"hsa-mir-8064","0","0","0","0"
"hsa-mir-8065","0","0","0","0"
"hsa-mir-8066","0","0","0","0"
"hsa-mir-8067","0","0","0","0"
"hsa-mir-8068","0","0","0","0"
"hsa-mir-8069-1","0","0","0","0"
"hsa-mir-8069-2","0","0","0","0"
"hsa-mir-8070","0","0","0","0"
"hsa-mir-8071-1","0","0","0","0"
"hsa-mir-8071-2","0","0","0","0"
"hsa-mir-8072","1","1","0","0"
"hsa-mir-8073","0","0","0","0"
"hsa-mir-8074","0","0","0","0"
"hsa-mir-8075","0","0","0","0"
"hsa-mir-8076","0","0","0","0"
"hsa-mir-8077","0","0","0","0"
"hsa-mir-8078","0","0","0","0"
"hsa-mir-8079","0","0","0","0"
"hsa-mir-8080","0","0","0","0"
"hsa-mir-8081","0","0","0","0"
"hsa-mir-8082","0","0","0","0"
"hsa-mir-8083","0","0","0","0"
"hsa-mir-8084","0","0","0","0"
"hsa-mir-8085","0","0","0","0"
"hsa-mir-8086","0","0","0","0"
"hsa-mir-8087","0","0","0","0"
"hsa-mir-8088","0","0","0","0"
"hsa-mir-8089","0","0","0","0"
"hsa-mir-8485","0","0","0","0"
"hsa-mir-873","0","0","0","0"
"hsa-mir-874","69","180","14","6"
"hsa-mir-875","0","0","0","0"
"hsa-mir-876","0","0","0","0"
"hsa-mir-877","13","8","3","3"
"hsa-mir-885","1","3","0","0"
"hsa-mir-887","6","8","6","0"
"hsa-mir-888","0","0","0","0"
"hsa-mir-889","2","0","20","12"
"hsa-mir-890","0","0","0","0"
"hsa-mir-891a","7","4","6","0"
"hsa-mir-891b","0","0","0","0"
"hsa-mir-892a","0","0","0","0"
"hsa-mir-892b","0","0","0","0"
"hsa-mir-892c","0","0","0","0"
"hsa-mir-9-1","33","72","143","59"
"hsa-mir-9-2","26","61","141","51"
"hsa-mir-9-3","25","66","115","49"
"hsa-mir-920","0","0","0","0"
"hsa-mir-921","0","0","0","0"
"hsa-mir-922","0","0","0","0"
"hsa-mir-924","0","0","0","0"
"hsa-mir-92a-1","36675","47945","19873","5056"
"hsa-mir-92a-2","33015","44688","17819","4668"
"hsa-mir-92b","522","658","29","41"
"hsa-mir-93","3482","7467","13252","6441"
"hsa-mir-933","0","0","0","0"
"hsa-mir-934","0","0","0","0"
"hsa-mir-935","7","4","14","17"
"hsa-mir-936","0","0","0","0"
"hsa-mir-937","16","25","8","2"
"hsa-mir-938","0","0","0","0"
"hsa-mir-939","2","2","1","1"
"hsa-mir-940","2","14","3","2"
"hsa-mir-941-1","0","0","0","0"
"hsa-mir-941-2","0","0","0","0"
"hsa-mir-941-3","0","0","0","0"
"hsa-mir-941-4","0","0","0","0"
"hsa-mir-941-5","0","0","0","0"
"hsa-mir-942","6","34","8","20"
"hsa-mir-943","0","0","0","0"
"hsa-mir-944","0","0","1","0"
"hsa-mir-95","3","5","7","7"
"hsa-mir-9500","0","0","0","0"
"hsa-mir-96","1","0","24","19"
"hsa-mir-98","1","2","67","62"
"hsa-mir-99a","80","154","460","7"
"hsa-mir-99b","116897","84142","24165","16471"
